{"vqa": {"val_score": 63.3398647072531}, "_timestamp": 1710040328.9220932, "_runtime": 8498.27680015564, "_step": 141, "_wandb": {"runtime": 8508}}