{"vqa": {"val_score": 52.63680895731236}, "_timestamp": 1710222583.7177863, "_runtime": 2100.042045354843, "_step": 0, "_wandb": {"runtime": 2108}}