{"vqa": {"val_score": 62.84954513645783}, "_timestamp": 1709756396.2161877, "_runtime": 41038.947128772736, "_step": 940, "_wandb": {"runtime": 42244}}