{"vqa": {"val_score": 52.63680895731236}, "_timestamp": 1710152483.5895495, "_runtime": 1867.8560435771942, "_step": 0, "_wandb": {"runtime": 1892}}