{"vqa": {"val_score": 52.63680895731236}, "_timestamp": 1710280585.7955742, "_runtime": 2152.4981741905212, "_step": 0, "_wandb": {"runtime": 2271}}