{"vqa": {"loss": 0.9692358374595642}, "_timestamp": 1709975560.0982978, "_runtime": 7293.3831379413605, "_step": 136}