{"vqa": {"val_score": 52.63680895731236}, "_timestamp": 1710263947.1306305, "_runtime": 2035.5716145038605, "_step": 0, "_wandb": {"runtime": 2064}}