{"vqa": {"val_score": 57.85000000000002}, "_timestamp": 1709714671.984703, "_runtime": 548.9345781803131, "_step": 0}