{"vqa": {"val_score": 63.37392115698472}, "_timestamp": 1710187846.7470126, "_runtime": 44142.36804270744, "_step": 1400, "_wandb": {"runtime": 45371}}