{"vqa": {"val_score": 64.40541170981892}, "_timestamp": 1710081746.8251636, "_runtime": 41004.24166560173, "_step": 940, "_wandb": {"runtime": 42214}}