{"vqa": {"val_score": 52.63680895731236}, "_timestamp": 1710218851.4396434, "_runtime": 1931.960464477539, "_step": 0, "_wandb": {"runtime": 1938}}