{"vqa": {"loss": 0.9868982434272766}, "_timestamp": 1710325860.3726623, "_runtime": 19158.93748641014, "_step": 629}