{"vqa": {"loss": 0.8191927671432495}, "_timestamp": 1710325821.1181943, "_runtime": 19119.68301844597, "_step": 626}