{"vqa": {"val_score": 68.10636808957138}, "_timestamp": 1710348742.811233, "_runtime": 42041.37605714798, "_step": 1400, "_wandb": {"runtime": 43180}}