{"vqa": {"val_score": 52.63680895731236}, "_timestamp": 1710234714.3725739, "_runtime": 2062.800505876541, "_step": 0, "_wandb": {"runtime": 2078}}